book_id,bet_id,transaction_id,ticket_id,last_name,first_name,passport_series,passport_number,ban_status
245,196,923,456,Morris,Brian,7740,876164,NOT BANNED
849,222,128,251,Obrien,Michael,8425,179681,BANNED
614,916,110,300,Bryan,Rachel,2314,636092,BANNED
514,463,482,965,Rivera,Dylan,3725,141710,BANNED
470,354,211,215,Cannon,Sharon,1527,901496,NOT BANNED
812,527,386,574,Ross,Amanda,4418,254553,BANNED
165,225,665,13,Ramos,Linda,7130,699764,NOT BANNED
837,649,919,149,Shaw,Jessica,4766,890101,NOT BANNED
692,821,286,623,Smith,Cristina,6661,966561,NOT BANNED
599,841,780,172,Meyer,Jasmin,1915,171896,NOT BANNED
356,606,785,634,Woods,Daniel,6670,129716,NOT BANNED
858,798,61,854,Daniels,Chelsea,2639,159019,NOT BANNED
984,785,3,121,Clark,Robert,3893,760393,BANNED
57,930,301,321,Riddle,Stephanie,5144,490110,NOT BANNED
162,952,137,820,Moody,Diana,1584,397927,BANNED
669,398,554,84,Horton,Rebecca,8742,743087,BANNED
5,715,927,69,Sellers,Carrie,2372,781907,BANNED
829,7,167,605,Sanchez,Jose,4878,120649,NOT BANNED
253,4,228,640,Gonzales,Donna,4028,306643,NOT BANNED
433,230,71,416,Cochran,Jennifer,6362,444737,BANNED
76,620,318,906,Johnson,Nicholas,7555,233840,BANNED
241,314,188,523,Parker,Marcus,9825,449292,BANNED
83,605,724,702,Flores,Danielle,3448,315163,BANNED
740,13,204,502,Steele,Joshua,4003,938888,BANNED
277,116,45,360,Harper,Keith,6381,852027,NOT BANNED
948,213,213,736,Sanchez,James,2354,342633,NOT BANNED
121,990,86,325,Powers,Nicholas,9797,502738,BANNED
443,449,856,1,Ward,Mark,4146,758018,BANNED
803,165,869,937,Poole,Donna,9814,236799,NOT BANNED
424,954,489,441,Harper,Katelyn,9281,265129,NOT BANNED
166,30,538,11,Petersen,Cameron,9051,430450,NOT BANNED
347,474,27,684,Day,Mark,2785,751731,NOT BANNED
490,439,669,296,Ford,Lori,5855,808337,BANNED
806,895,274,722,Jackson,Doris,3279,283944,NOT BANNED
256,817,14,183,Valencia,Derrick,6604,744606,NOT BANNED
796,677,351,272,Carter,Jessica,9059,823699,BANNED
227,384,205,657,Austin,Jeff,3336,548674,NOT BANNED
835,53,320,329,Schwartz,Michael,4993,189744,NOT BANNED
735,177,434,181,Edwards,Thomas,1282,268603,NOT BANNED
730,604,90,76,Humphrey,Christian,6881,233827,BANNED
412,299,828,263,Le,Kelsey,8935,783776,NOT BANNED
672,522,891,454,Kelly,Crystal,7951,572358,BANNED
892,963,703,223,Hanna,Derrick,2443,800934,NOT BANNED
442,143,982,865,Bailey,Alexis,5500,846141,NOT BANNED
988,350,469,536,Peters,Michael,2130,586013,NOT BANNED
955,971,795,504,Howard,Amy,8171,446942,NOT BANNED
332,827,186,486,Wright,Jonathan,9995,361632,BANNED
876,850,735,401,Sutton,Tiffany,4949,851330,BANNED
16,774,641,376,Reed,Ronnie,4425,920471,NOT BANNED
635,925,896,138,Bailey,Brianna,3799,971040,BANNED
342,973,983,818,Fitzgerald,Sandra,9187,469738,NOT BANNED
373,667,206,770,Cox,Jason,5431,943733,BANNED
778,112,147,213,Taylor,Paul,2416,140482,BANNED
229,335,106,556,Jordan,Sherry,5272,641812,NOT BANNED
313,9,31,766,Ortega,Sharon,5289,982098,NOT BANNED
33,484,199,154,Sanders,Michael,8710,420168,NOT BANNED
578,927,708,236,Osborne,Amber,9227,363639,NOT BANNED
736,92,522,879,Pena,Brandi,1025,228637,NOT BANNED
902,478,861,730,Bishop,Anne,8463,230303,BANNED
439,967,524,6,Wilson,Jessica,6745,364289,BANNED
389,355,498,982,Kemp,Thomas,8787,627035,NOT BANNED
249,29,727,475,Barker,Sarah,1322,621615,NOT BANNED
210,824,990,552,Vaughn,Sara,1538,801703,BANNED
409,342,510,24,Hines,Joseph,7385,459438,BANNED
351,344,890,637,French,Robin,3432,998097,NOT BANNED
552,942,693,801,Gomez,Ryan,7658,829322,NOT BANNED
769,104,556,798,Schultz,Julie,7262,298687,BANNED
144,468,457,530,Perez,David,6504,806088,NOT BANNED
661,383,252,420,Dickerson,Hannah,7459,289491,NOT BANNED
655,275,945,607,Wright,Holly,3036,607415,NOT BANNED
202,869,621,723,Smith,Sean,5168,126523,BANNED
971,875,632,837,Hamilton,Dawn,9960,819220,BANNED
608,571,998,336,Mueller,Barbara,7378,979331,NOT BANNED
139,528,878,98,Myers,David,4628,615210,BANNED
416,909,929,833,Moore,Derek,7677,146402,BANNED
171,24,989,733,Guerrero,David,3086,575022,BANNED
574,654,444,124,Brown,Daniel,1286,670762,NOT BANNED
691,453,197,891,Mayer,Steven,8033,231927,BANNED
479,424,37,878,Lewis,Lori,6760,318261,NOT BANNED
279,574,344,394,Bell,Kathy,3795,364104,NOT BANNED
503,541,512,459,Guzman,Jason,4919,132138,BANNED
825,358,401,647,Pacheco,Jared,5574,220426,BANNED
22,521,143,27,Cohen,Kendra,4363,541731,BANNED
96,589,656,267,Cook,Jason,2123,356076,NOT BANNED
622,675,532,184,Peck,Kari,5012,325956,BANNED
404,227,506,111,Jones,James,1186,148807,BANNED
148,570,148,216,Duncan,Colleen,8456,524388,NOT BANNED
193,761,620,500,Dudley,Jason,7238,710181,BANNED
983,865,706,96,Kerr,Michelle,1984,772655,NOT BANNED
547,369,370,23,Oneal,William,9420,703130,BANNED
550,174,353,193,Newman,Taylor,5576,738793,NOT BANNED
936,818,806,141,Sharp,Penny,7228,891623,BANNED
845,451,542,255,Wagner,Paula,2552,584309,NOT BANNED
881,135,1000,675,Clark,Anthony,7551,305781,BANNED
469,559,796,16,Lee,Matthew,9884,574624,BANNED
394,580,922,105,Ortiz,Mckenzie,3623,419306,NOT BANNED
260,50,904,280,Estrada,Trevor,9216,342196,NOT BANNED
197,308,481,619,Wright,Andrea,5483,234496,BANNED
380,386,576,158,Klein,Cindy,7902,308658,BANNED
90,555,398,849,Wyatt,Laura,8485,256632,BANNED
533,272,271,186,Hawkins,Lisa,7919,577474,BANNED
744,285,83,836,Diaz,David,5112,137423,BANNED
711,61,460,826,Watson,Victoria,7101,724208,NOT BANNED
519,775,836,259,Garrett,Natalie,8164,594401,NOT BANNED
53,126,495,869,Garcia,Kristy,6540,124398,BANNED
648,569,764,262,Morrow,Daniel,6542,701442,BANNED
592,793,492,12,Rogers,Daniel,9440,591723,BANNED
875,617,464,278,Smith,Antonio,4079,596746,BANNED
199,36,581,550,King,Jean,4330,318157,NOT BANNED
382,669,436,28,Ball,Anne,4396,812311,BANNED
918,579,617,804,Williams,Austin,2182,753887,BANNED
890,199,272,39,Gomez,Sherri,6332,936782,NOT BANNED
478,624,257,77,Mendez,Tammy,5589,178754,BANNED
20,497,39,415,Hamilton,Drew,7153,745371,NOT BANNED
727,833,608,315,Maddox,Kristen,1972,249231,BANNED
507,534,611,201,Hoffman,Robert,1717,382912,NOT BANNED
141,160,227,372,Keller,Donald,4607,251640,NOT BANNED
634,825,168,482,Rice,Alicia,4034,160592,NOT BANNED
291,894,719,273,White,Meagan,8340,598386,NOT BANNED
207,51,54,610,Mitchell,Denise,9179,116602,NOT BANNED
309,326,685,339,Waller,Megan,9351,637311,BANNED
403,278,759,397,Smith,Katherine,1056,650231,NOT BANNED
555,614,958,476,Mendez,Michael,7459,256039,NOT BANNED
585,317,825,351,Davis,Ricardo,7377,762692,NOT BANNED
822,978,261,202,Walsh,Kim,4723,292435,NOT BANNED
556,368,760,962,Collins,Michelle,2916,114175,BANNED
816,691,409,542,Marshall,Stephanie,9263,270302,BANNED
482,582,981,122,Miles,Jasmine,4465,268792,NOT BANNED
387,977,613,990,Jackson,Curtis,4830,368267,BANNED
863,146,625,108,Allen,Donna,2902,381125,BANNED
992,289,762,698,Bell,Tracey,4829,119709,NOT BANNED
653,507,237,545,Mitchell,Karl,4872,861892,NOT BANNED
180,418,721,276,Robles,Shelley,4158,853461,BANNED
398,11,275,901,Fitzpatrick,Michael,5243,347215,BANNED
74,329,886,945,Carpenter,Donald,2735,512281,NOT BANNED
923,337,1,393,Smith,Kristen,2272,553387,NOT BANNED
823,261,298,644,Burton,Andrew,5009,652517,NOT BANNED
48,985,994,827,Chan,Jessica,1520,263296,NOT BANNED
272,64,560,739,Owens,James,6135,159069,NOT BANNED
706,572,837,712,Mckenzie,Courtney,9560,332893,BANNED
494,673,124,963,Matthews,Michael,8645,693557,BANNED
950,96,545,841,Benitez,Leonard,3610,778477,NOT BANNED
738,644,88,8,Thompson,Michelle,7324,602359,BANNED
68,234,855,81,Lee,Larry,1298,510056,BANNED
666,71,144,392,Wright,Melissa,7896,131771,NOT BANNED
759,16,906,275,Riddle,Carol,4024,572530,NOT BANNED
877,603,501,600,Mcdonald,Diane,5851,920505,BANNED
676,87,853,750,Jones,Carl,1250,631453,NOT BANNED
252,552,579,380,Diaz,Sherry,3882,728342,NOT BANNED
9,806,544,707,Anderson,Kayla,3284,886303,BANNED
305,657,701,25,Brown,Jacqueline,6638,627746,BANNED
523,744,196,910,Martin,Michael,3325,233843,BANNED
527,43,405,269,Wong,Paul,4566,479442,BANNED
435,796,291,961,Reed,Yolanda,7512,190205,BANNED
652,642,592,986,Gilmore,Michael,7450,537629,BANNED
440,723,182,995,Williams,Gary,7340,947653,BANNED
329,214,870,895,Wallace,Melissa,9634,550654,NOT BANNED
259,503,329,170,Lee,Donald,7797,313212,NOT BANNED
836,748,808,413,Mendez,Anthony,8159,797994,NOT BANNED
775,456,365,289,Taylor,Kayla,3299,603503,BANNED
774,327,848,493,Nichols,Brianna,4690,717165,NOT BANNED
415,343,520,437,Alvarado,John,3681,848983,BANNED
854,568,986,511,Parker,Brianna,3838,232378,NOT BANNED
540,803,117,631,Martin,Bryan,2281,116721,BANNED
668,127,736,100,Lynch,Brandon,1558,287005,BANNED
233,94,166,659,Weaver,Paul,4502,449645,NOT BANNED
456,665,995,414,Rivera,Jack,9751,161209,NOT BANNED
842,304,628,889,Wilson,Jacqueline,6531,204363,BANNED
677,547,555,718,Smith,Connor,1264,123814,NOT BANNED
164,437,793,753,Walker,Stephanie,5331,674508,NOT BANNED
995,180,973,947,Johnson,David,3390,428170,NOT BANNED
731,411,491,93,Gonzalez,Crystal,3787,679070,BANNED
824,488,195,611,Berry,Angela,2271,131905,BANNED
292,912,77,109,Mcgrath,Shannon,2357,490211,BANNED
843,301,214,989,Jimenez,Andrew,5644,307546,BANNED
226,263,647,728,Molina,Kimberly,5432,861477,BANNED
819,628,239,354,Lee,Jonathan,8383,764185,BANNED
777,224,770,468,Smith,Janet,7346,582885,BANNED
497,81,374,860,Hahn,Cynthia,5755,319649,NOT BANNED
335,771,451,5,Browning,Marcus,4272,561403,NOT BANNED
697,347,775,396,Jordan,Laura,7572,591964,NOT BANNED
739,877,356,153,Chambers,Chelsea,3003,673974,BANNED
961,428,658,829,Garcia,Dawn,3192,196394,NOT BANNED
811,685,859,726,Lyons,Kimberly,9873,371745,BANNED
471,481,582,928,Ware,Julie,1607,408429,BANNED
281,493,979,442,Ross,Brandy,4542,758716,NOT BANNED
530,933,244,367,Sims,Robert,7501,888601,BANNED
195,114,566,207,Strickland,Derrick,8575,890390,BANNED
839,435,902,364,Ritter,Lisa,2762,911770,NOT BANNED
464,494,694,819,Evans,Brian,6131,872718,BANNED
678,799,330,897,Anderson,Emily,1313,593806,BANNED
143,89,639,709,Bird,James,4230,242478,BANNED
964,438,399,290,Ramirez,Louis,2389,676024,BANNED
873,684,932,885,Richard,Patricia,4327,782325,BANNED
765,608,355,864,Murray,Ashley,7880,858197,NOT BANNED
444,523,145,204,Brady,Tanya,6686,696930,NOT BANNED
255,212,93,613,Ward,Rodney,8641,326717,NOT BANNED
346,362,829,40,Mccarthy,Kathleen,9390,768206,NOT BANNED
343,390,256,31,Mccarty,Thomas,1267,642807,NOT BANNED
780,993,423,64,Wong,Peter,3316,844247,NOT BANNED
953,897,408,431,Jordan,Michelle,2270,761407,NOT BANNED
107,2,726,775,Henderson,Richard,7318,732119,NOT BANNED
24,467,684,855,Tran,Miranda,2008,604682,NOT BANNED
763,399,987,535,Higgins,Todd,8236,924953,BANNED
570,900,493,955,Black,Elizabeth,1999,475720,BANNED
969,913,321,214,Lee,Ryan,3158,628944,BANNED
978,764,745,206,Barrera,Katie,2658,968891,NOT BANNED
687,755,976,560,Johnson,Taylor,2758,680942,BANNED
55,739,485,606,Mitchell,Drew,1745,458667,BANNED
748,150,523,651,Allen,Marie,6704,354539,BANNED
509,867,993,853,Lewis,Catherine,2513,854694,NOT BANNED
737,233,629,586,Sims,Donald,3017,497537,BANNED
324,321,600,106,Aguirre,Michael,7597,714643,BANNED
660,420,187,157,Tanner,Kenneth,2558,872942,BANNED
966,217,572,86,Howell,Christian,9882,153532,NOT BANNED
194,791,872,975,Webster,Sean,5158,479108,NOT BANNED
752,454,236,115,Johnson,Charles,6057,524711,BANNED
122,958,548,230,Griffin,Dale,8911,507173,NOT BANNED
768,733,161,135,Jordan,Jacob,3571,438253,NOT BANNED
908,962,266,557,Wilson,Larry,4980,936075,NOT BANNED
762,218,996,232,Cortez,Crystal,6912,964458,NOT BANNED
686,870,247,345,Bates,Erica,1789,978843,BANNED
312,39,66,244,Ramsey,Katherine,6418,815990,NOT BANNED
320,548,47,537,Hoffman,Tina,2587,381129,NOT BANNED
526,85,633,142,Reyes,Eric,6969,837684,NOT BANNED
521,288,547,544,Roberson,Keith,3476,665963,NOT BANNED
142,949,311,436,Davis,David,9627,265055,BANNED
462,34,792,915,Montgomery,Lisa,2431,170597,NOT BANNED
898,924,476,480,Greene,Diane,2730,890922,NOT BANNED
680,923,323,427,Mills,Kayla,4007,804825,BANNED
813,286,212,679,Rhodes,Patricia,7526,897340,BANNED
602,267,564,228,Thompson,Christopher,3766,511851,NOT BANNED
112,919,383,649,Henry,Julie,2934,440402,NOT BANNED
265,656,276,699,Robinson,Mary,2330,752626,NOT BANNED
206,462,734,406,Black,Amanda,8154,312037,NOT BANNED
63,756,26,758,Salazar,Nicole,2528,407672,NOT BANNED
204,678,458,859,Ryan,Lauren,7700,984711,NOT BANNED
805,674,16,209,Anderson,Alexander,4214,291089,NOT BANNED
385,749,94,994,Smith,Brian,5392,677353,NOT BANNED
667,80,786,786,Williams,Robert,4632,184850,NOT BANNED
664,164,943,334,Barker,Alex,2428,226601,BANNED
307,306,231,754,Rodriguez,Alan,3858,188141,NOT BANNED
860,75,359,811,Collins,Courtney,5425,336545,NOT BANNED
952,332,644,918,Harris,John,6477,547289,BANNED
271,385,586,973,Beck,Alexandra,5817,440887,BANNED
709,189,732,381,Cummings,Victoria,7189,132970,NOT BANNED
866,406,463,848,Barron,Logan,6862,974878,BANNED
386,920,189,470,Brown,Andrew,3951,625728,BANNED
196,762,407,762,King,Marcus,2932,768666,NOT BANNED
917,49,881,467,Brooks,David,2438,553993,NOT BANNED
831,282,527,579,Barry,Jeffrey,3222,363451,NOT BANNED
6,721,419,656,Knapp,Anne,8662,259294,BANNED
383,786,361,137,Houston,William,8850,776628,BANNED
70,271,667,599,Santiago,Scott,5240,426990,BANNED
838,1,740,101,Walker,Kelly,3795,849658,BANNED
905,228,553,312,Mcknight,Rachael,7494,490111,BANNED
701,316,164,400,Serrano,Jennifer,2018,173219,NOT BANNED
42,309,850,270,Mata,Andrew,7235,788988,NOT BANNED
81,154,807,89,Jones,Michael,2248,428019,BANNED
350,906,502,432,Pierce,Michael,7487,277572,BANNED
84,465,375,639,Mora,Gina,7452,704972,NOT BANNED
723,883,165,167,Gomez,John,2103,272637,NOT BANNED
696,44,335,760,Thornton,Jennifer,4606,614358,BANNED
257,888,811,390,West,Veronica,6436,220813,NOT BANNED
703,959,604,873,Fitzgerald,Sonya,4051,436369,NOT BANNED
903,371,921,645,Pearson,Christopher,1786,770861,BANNED
506,412,794,635,Lee,Benjamin,7234,629406,NOT BANNED
629,707,715,292,Farrell,Jessica,6461,100518,BANNED
58,922,974,248,Hamilton,Nina,7339,476318,NOT BANNED
191,382,319,773,Pacheco,Nicholas,9077,881853,BANNED
250,3,390,514,Webb,Barbara,3418,967049,BANNED
173,526,51,198,White,Sara,9553,414218,BANNED
707,694,435,782,Anderson,Derrick,6937,867691,BANNED
152,311,494,984,Davis,Justin,5622,828532,BANNED
754,156,894,45,Wilkinson,Jose,2719,975671,NOT BANNED
883,206,866,185,Vazquez,Amanda,6009,625629,NOT BANNED
571,380,150,614,Powell,Willie,3170,439659,BANNED
808,893,402,669,Smith,Eric,6037,610812,NOT BANNED
498,953,930,474,Hernandez,Tracy,4554,617816,NOT BANNED
817,695,535,173,Mclaughlin,Tara,3594,389518,NOT BANNED
301,457,949,776,Ross,Peter,6089,974185,NOT BANNED
632,318,183,883,Bridges,Joy,6444,754089,BANNED
452,450,875,245,Robinson,Kimberly,2253,206967,BANNED
92,634,804,409,Chen,Barbara,2429,661393,NOT BANNED
489,738,933,224,Sanchez,Laurie,5970,428795,BANNED
942,167,755,222,Barber,Brenda,7614,241530,BANNED
542,159,314,593,Gallegos,Stephanie,6005,430493,NOT BANNED
106,292,854,21,Crawford,Lauren,9080,934740,NOT BANNED
75,918,733,868,Case,Robert,2180,503329,NOT BANNED
52,531,707,745,Stone,Sara,8697,108970,NOT BANNED
251,422,397,104,Mueller,Amanda,7035,625064,BANNED
65,262,285,554,Shah,Tiffany,7705,621189,NOT BANNED
814,35,173,710,Fleming,David,9577,130942,NOT BANNED
601,689,752,508,Warren,Nicholas,6312,295168,BANNED
71,72,421,553,Jordan,Matthew,2528,689448,NOT BANNED
396,372,585,863,Fisher,Raymond,2483,150305,BANNED
663,807,695,342,Hicks,Amber,8539,916540,BANNED
169,331,541,362,Cherry,Jennifer,2043,508255,NOT BANNED
712,636,225,821,Smith,Erika,3285,750919,NOT BANNED
473,379,352,68,Turner,Jonathan,7977,730016,BANNED
690,120,557,217,Mendoza,David,2082,539662,BANNED
192,813,843,527,Bennett,Antonio,4581,561172,NOT BANNED
392,388,908,652,Peters,Roy,5779,275068,NOT BANNED
681,969,63,912,Coleman,Jonathan,6218,242601,NOT BANNED
315,828,442,128,Mcintosh,Keith,7139,141748,NOT BANNED
857,588,815,323,Shields,Elizabeth,7122,201421,BANNED
919,928,459,73,Pope,Kelly,6615,278242,BANNED
793,415,92,809,Martin,Stacey,1476,637397,NOT BANNED
891,797,260,375,Franklin,Jeremy,8850,496978,NOT BANNED
621,409,687,118,Harrison,Rebecca,4308,594370,BANNED
417,533,443,197,Blackburn,Jordan,1167,378232,NOT BANNED
47,600,333,805,Meyer,Bill,3592,680882,NOT BANNED
618,307,478,759,Clark,Jillian,1974,512206,BANNED
243,663,9,905,Fitzgerald,Brian,9416,248995,NOT BANNED
972,55,312,803,Perez,Melanie,2849,117941,NOT BANNED
962,753,816,559,Coleman,Jeremy,3058,478782,BANNED
429,205,778,703,Gordon,Austin,8231,656200,NOT BANNED
131,366,114,748,Sellers,Marvin,9487,580575,BANNED
179,859,21,636,Smith,David,2443,771838,BANNED
597,20,862,690,Anderson,Joshua,7177,607164,BANNED
268,718,111,295,Holland,Joshua,7713,523977,BANNED
745,535,898,87,Davis,Nicholas,2815,291557,BANNED
120,941,417,967,Gregory,Ebony,3477,154334,BANNED
151,518,50,53,Torres,Anita,4084,682119,NOT BANNED
103,891,689,112,Hanson,Isaiah,2082,578191,NOT BANNED
453,857,607,816,Daniels,Leah,7246,835721,NOT BANNED
358,90,761,70,Pratt,Donald,1640,982680,NOT BANNED
912,848,98,792,Watkins,Theodore,1009,236835,BANNED
129,441,992,927,Wong,Adam,7311,981135,BANNED
606,814,415,75,Mcclure,Sarah,5426,596401,NOT BANNED
82,426,798,532,Griffin,Marco,2891,485031,NOT BANNED
563,121,73,7,Swanson,Robert,5834,695203,NOT BANNED
620,18,722,538,Mccoy,Edward,6417,949244,BANNED
562,992,515,352,King,Eric,9856,573406,BANNED
40,868,718,368,Nunez,Norma,8069,406145,BANNED
54,637,246,983,Silva,Danielle,7607,759042,BANNED
184,940,934,894,Hill,Kayla,7277,357382,NOT BANNED
657,947,215,208,Rojas,Kaylee,4217,135324,NOT BANNED
538,554,420,830,Hess,Kimberly,5474,679885,NOT BANNED
874,655,642,330,Morrison,Brittany,8204,288156,BANNED
799,464,777,178,Lamb,Fernando,5439,111327,BANNED
485,184,675,931,Edwards,William,7310,353258,NOT BANNED
949,881,997,734,Duncan,Elizabeth,5888,289694,NOT BANNED
930,260,119,749,Bartlett,Karen,7662,821848,NOT BANNED
718,829,253,102,Mitchell,Mary,8201,609730,NOT BANNED
700,472,691,539,Stevens,Beth,9464,801405,NOT BANNED
123,510,847,226,Zimmerman,Samuel,7067,498314,BANNED
98,878,899,284,Best,Darryl,9154,746898,BANNED
486,416,393,327,Maldonado,Teresa,8062,291740,BANNED
157,536,939,242,Torres,Ricky,6412,679364,NOT BANNED
44,360,941,14,Hess,Brett,7544,793107,BANNED
651,471,487,978,Chavez,Jeffrey,6735,351381,BANNED
987,10,42,134,Zavala,James,3961,916566,BANNED
190,905,558,765,Peterson,Karen,6465,751236,BANNED
378,79,384,15,Jordan,Lisa,5240,771415,BANNED
124,433,765,41,Simmons,Jennifer,4714,287179,BANNED
215,809,378,725,Lang,Veronica,1912,561679,BANNED
198,476,540,383,Wright,Tony,5284,529368,BANNED
665,631,332,83,Rodriguez,Debbie,2988,201742,BANNED
445,633,472,886,Parker,John,6677,755020,NOT BANNED
567,221,431,430,Ford,William,4799,691872,BANNED
628,346,184,424,Mccann,Julie,8108,156704,BANNED
587,801,226,757,Clark,Zachary,6003,966686,BANNED
517,660,966,363,Johnson,Linda,5193,247522,BANNED
500,591,568,298,Soto,Cynthia,5824,387760,BANNED
450,808,813,580,Wolf,Kenneth,9140,369036,NOT BANNED
339,835,873,940,Jones,Dana,2147,630432,BANNED
647,696,327,239,Cook,Haley,1544,467989,BANNED
815,237,477,546,King,Jeffrey,7366,367802,NOT BANNED
670,730,627,979,Paul,Michael,7758,259020,BANNED
641,513,814,844,Trevino,Claire,7739,140530,NOT BANNED
985,21,959,159,Martin,Kyle,9327,250131,NOT BANNED
929,487,999,71,Thomas,Jennifer,3684,867638,NOT BANNED
855,840,935,72,Trujillo,John,4802,782710,BANNED
274,629,35,772,Wilson,Sarah,9384,383682,BANNED
699,315,782,465,Brown,Jennifer,2509,490124,NOT BANNED
613,442,345,119,Davis,Jason,9456,772402,NOT BANNED
118,540,882,696,Coleman,Heather,2629,973263,NOT BANNED
337,417,879,164,Morales,Antonio,5830,213420,BANNED
189,290,158,629,Kramer,Benjamin,3025,959979,BANNED
914,178,25,455,Oneal,Randy,2543,845450,NOT BANNED
110,100,36,949,Perez,Sandra,2565,513393,BANNED
172,863,287,812,Gutierrez,Julia,5954,232659,BANNED
266,836,507,190,Galloway,Vincent,6661,564564,BANNED
455,652,549,705,Garcia,Andrew,1333,177241,BANNED
427,853,141,720,Austin,Matthew,7325,492923,BANNED
528,505,455,714,Harris,Sara,2222,612010,BANNED
134,77,818,569,Meza,Ruth,8010,465334,NOT BANNED
897,501,414,265,Perkins,Michael,8179,283442,BANNED
674,705,433,233,Savage,Teresa,2339,482627,BANNED
46,619,630,797,Bautista,Michael,7381,394458,BANNED
32,477,590,279,Adkins,Mary,7971,445405,BANNED
779,611,649,79,Hardy,Willie,5754,596669,NOT BANNED
434,151,901,933,Moss,Karla,1472,292332,BANNED
671,596,758,840,Klein,Andrew,7377,649421,BANNED
637,281,450,371,Bell,Brian,8341,596685,NOT BANNED
504,842,864,82,Love,Ashley,4587,650203,NOT BANNED
636,864,366,94,Henderson,Michelle,9213,912823,BANNED
868,254,56,875,Taylor,Courtney,7945,178574,NOT BANNED
818,490,962,936,Bennett,Samantha,4341,815979,BANNED
895,239,307,737,Young,Julie,5321,984577,BANNED
758,352,584,249,Ross,Susan,1923,146962,NOT BANNED
773,661,269,429,Garcia,Laura,9550,318607,NOT BANNED
508,194,53,727,Jones,Mandy,4089,749159,NOT BANNED
911,950,198,145,Hughes,Matthew,9484,937727,NOT BANNED
650,250,453,151,Hernandez,Garrett,4702,621860,NOT BANNED
757,241,819,379,Gutierrez,Brandon,5092,320600,BANNED
675,303,961,361,Hunter,Tim,7141,775872,NOT BANNED
882,911,573,923,Mendoza,Thomas,8270,587480,BANNED
183,805,559,235,Williams,Christopher,7760,672716,BANNED
377,811,424,881,Jensen,Brandi,7228,872678,NOT BANNED
826,939,116,944,Wood,Michael,1572,291357,NOT BANNED
493,794,772,231,Donaldson,Monique,1351,154331,NOT BANNED
8,517,699,211,Forbes,Alan,9825,345033,BANNED
401,232,294,171,Tucker,Brooke,8282,234270,BANNED
480,741,603,615,Davis,Austin,3249,828075,NOT BANNED
880,754,241,472,Murray,James,5203,961242,NOT BANNED
153,529,358,968,Mcclure,Jeremy,1097,603907,BANNED
840,946,103,384,Lowe,Kelly,6753,978994,NOT BANNED
934,365,48,220,Kemp,Michelle,1221,789202,BANNED
549,576,638,359,Nguyen,Judy,8967,442346,BANNED
584,394,296,433,Smith,Stephanie,7549,473234,BANNED
640,740,747,585,Decker,Cindy,6635,739869,NOT BANNED
176,622,131,132,Harris,Sarah,1286,819483,BANNED
154,735,671,756,Becker,Cameron,4029,176572,NOT BANNED
422,769,273,246,Clark,Kyle,9641,173172,NOT BANNED
557,690,802,403,Snyder,Michael,4269,818930,BANNED
61,823,681,719,Ramos,Diane,2892,909660,NOT BANNED
733,615,176,9,Clark,Elizabeth,3827,587888,NOT BANNED
755,255,619,203,Obrien,Patricia,4693,201942,NOT BANNED
750,722,105,974,Cook,Carol,2210,199667,BANNED
899,133,503,981,Maldonado,Lisa,4836,552880,BANNED
391,397,249,408,Horn,Caleb,9512,794933,NOT BANNED
844,532,490,779,Doyle,Michael,5685,427931,NOT BANNED
801,767,918,519,Woods,Ronald,8137,245979,BANNED
159,847,120,199,Castro,Shaun,9293,388621,NOT BANNED
975,216,488,1000,Joseph,Andrew,3454,835367,NOT BANNED
590,109,817,959,Perez,Dale,5389,236350,BANNED
960,183,82,49,Hill,Justin,9235,498894,BANNED
981,330,299,997,Adams,Alexis,4080,494189,BANNED
175,421,606,685,Mclean,George,6970,396422,NOT BANNED
726,787,439,667,Galloway,Lisa,4315,951413,NOT BANNED
794,746,343,884,Ford,April,2091,231392,NOT BANNED
615,181,406,444,Salas,Clayton,9560,427142,BANNED
216,73,57,701,Scott,Amanda,1308,923772,NOT BANNED
461,82,85,946,Long,Erin,2198,594481,BANNED
659,102,348,425,Lee,Kylie,6960,183320,BANNED
290,734,845,55,Schaefer,Maurice,5716,927248,BANNED
269,921,178,563,Wagner,Sandra,7728,601601,NOT BANNED
624,763,769,902,Woodard,Lisa,6404,849479,BANNED
595,584,152,258,Anderson,Jacqueline,3441,762549,BANNED
185,839,513,740,Moyer,Debra,8553,436685,BANNED
395,339,123,641,Ayala,Kathleen,2246,856162,NOT BANNED
784,852,624,516,Dillon,Lori,9554,480761,NOT BANNED
603,403,781,509,Thomas,James,3411,148664,BANNED
982,866,394,238,Smith,Troy,7315,514115,BANNED
304,714,569,152,Yoder,Anna,3725,662924,NOT BANNED
649,410,826,744,Carlson,Nathaniel,4888,819546,BANNED
625,257,479,369,Thomas,Daniel,1766,675443,BANNED
710,211,403,646,Rodriguez,Audrey,2150,205236,BANNED
238,648,944,716,Martin,Natalie,3730,422212,NOT BANNED
560,198,7,755,Thomas,Kimberly,4484,139323,BANNED
167,305,725,439,Ryan,Stephanie,5825,804749,BANNED
393,31,593,286,Gill,Donald,3463,111767,NOT BANNED
421,778,751,435,Garcia,Omar,8569,968498,BANNED
181,52,8,256,Horn,Melissa,4823,102668,BANNED
973,720,149,378,Shaw,Jennifer,6888,611096,NOT BANNED
137,819,612,18,Prince,Stephanie,4875,311985,BANNED
212,834,96,59,Garcia,George,6916,161436,BANNED
522,248,634,155,Randall,Allen,3310,832943,BANNED
89,856,531,858,Cook,Morgan,5195,716195,BANNED
904,903,18,347,Frazier,Robert,4051,893763,NOT BANNED
174,279,683,929,Pena,Lauren,4073,347660,BANNED
338,26,153,964,Pope,Jesus,9622,457383,BANNED
126,401,690,32,Meyer,Amber,5729,796331,BANNED
375,376,801,541,Mckinney,Eric,4608,902390,BANNED
282,392,79,993,Simmons,Sarah,5836,329905,BANNED
776,609,380,952,Crosby,Kristen,4447,384531,BANNED
991,976,17,581,Marquez,Johnny,1509,874854,NOT BANNED
263,728,546,907,Terry,Christian,7696,347430,BANNED
230,784,12,540,Cox,Tina,3143,368295,NOT BANNED
223,641,893,693,Beltran,Jason,8606,689564,NOT BANNED
928,264,709,695,Collins,Samantha,3705,283613,BANNED
879,553,737,584,Wood,Bradley,2438,479313,BANNED
714,843,730,42,Brown,Clayton,4714,789478,BANNED
536,482,391,578,Harding,Randy,4905,564343,BANNED
545,58,852,440,Rodriguez,Daniel,7644,253016,NOT BANNED
428,747,181,793,Sanchez,Bradley,3063,866204,NOT BANNED
980,381,533,992,Watson,Crystal,6383,665113,NOT BANNED
638,861,928,391,Mills,Brandon,2336,710506,BANNED
554,236,565,412,Lopez,Carrie,8231,975463,BANNED
924,544,823,565,Gomez,Sara,9584,633238,NOT BANNED
214,324,337,165,Pena,Patrick,4082,742226,BANNED
209,431,499,332,Moore,Jill,1132,279113,BANNED
145,556,230,708,Castaneda,Brandi,8759,630575,NOT BANNED
856,602,623,333,Williams,Linda,9958,967995,BANNED
441,621,258,63,Duncan,William,2029,309155,NOT BANNED
86,247,905,348,Wright,Brandon,7781,203370,NOT BANNED
698,766,87,91,Leonard,Vincent,6266,839676,BANNED
95,17,6,951,Hill,Robert,9102,388030,NOT BANNED
516,585,605,212,Ruiz,Charles,1077,629893,BANNED
359,979,677,808,Blevins,Tyrone,5108,302341,NOT BANNED
553,245,771,887,Richmond,Eric,5331,852246,BANNED
72,776,763,583,James,Logan,3567,240797,NOT BANNED
314,632,229,916,Vasquez,Laura,9229,594420,NOT BANNED
511,256,11,618,Ortega,Sheila,4275,844508,BANNED
460,996,159,180,Ortega,Keith,1060,153456,NOT BANNED
128,770,221,921,Wright,Kelly,1577,768981,NOT BANNED
91,558,81,672,Sweeney,Nicholas,5362,435077,NOT BANNED
384,595,171,843,Butler,Wayne,4800,953927,BANNED
465,489,849,47,Edwards,Austin,6023,631018,BANNED
558,935,704,377,Scott,David,8487,524945,BANNED
957,243,475,318,Willis,Sherry,3832,208315,BANNED
492,242,373,774,Larsen,Kyle,2593,356067,NOT BANNED
354,957,950,19,Washington,Erin,6453,518060,BANNED
225,598,331,603,Page,Alexandra,6147,908701,BANNED
851,618,279,683,Miller,Melissa,4940,126009,NOT BANNED
944,176,49,349,Pena,Elizabeth,8798,604547,BANNED
220,651,940,74,Gardner,Stephanie,7745,324470,BANNED
201,594,101,764,Smith,Charles,5779,327336,NOT BANNED
88,168,972,824,Maynard,Michelle,3833,881920,BANNED
993,790,242,777,Zamora,Stacy,2442,501169,NOT BANNED
45,313,832,337,Perez,Jennifer,3617,790205,BANNED
623,511,528,658,Garcia,Crystal,1725,980946,NOT BANNED
729,680,511,350,Shaffer,Jasmine,7063,945208,BANNED
867,706,449,521,Wilcox,Brian,8840,942890,NOT BANNED
591,616,107,953,Russell,Wendy,4158,480528,BANNED
743,855,583,452,Rivera,Todd,5397,618175,BANNED
39,186,346,677,Faulkner,Lucas,3274,353522,BANNED
474,765,447,250,Fisher,Kayla,5444,483583,BANNED
785,597,480,842,Smith,Jonathan,4730,163553,NOT BANNED
303,349,245,494,Richards,Jennifer,6117,269033,NOT BANNED
308,989,563,588,Davis,Alicia,7536,116040,NOT BANNED
787,516,122,419,Dawson,Jeremy,2034,470768,BANNED
297,425,970,404,Pearson,David,8291,800530,NOT BANNED
410,158,615,602,Hodge,Thomas,3892,425724,NOT BANNED
795,137,729,221,Nelson,Nicholas,7319,808001,BANNED
115,550,831,960,Butler,Candice,9344,396723,BANNED
870,783,426,874,Nash,Laurie,2268,570771,BANNED
454,408,500,148,West,Margaret,7846,698957,NOT BANNED
505,479,118,582,Goodman,Alfred,6665,845733,NOT BANNED
56,208,650,446,Rodriguez,Todd,3817,662076,NOT BANNED
136,171,951,650,Ware,Paul,2544,690367,BANNED
728,66,432,950,Sherman,Wendy,8492,187145,NOT BANNED
231,124,865,934,Thomas,Samuel,1163,792417,BANNED
318,95,574,324,Johnson,Thomas,1362,623201,NOT BANNED
348,508,497,857,Solis,Kelly,4979,410150,NOT BANNED
66,961,988,802,Hernandez,Aaron,7663,830577,NOT BANNED
97,280,84,751,Boyle,Lori,1433,127857,BANNED
886,726,454,670,Kline,James,9826,758581,NOT BANNED
319,473,385,136,Jones,Daniel,4070,158302,NOT BANNED
287,981,610,534,Edwards,Travis,8452,340778,BANNED
947,161,193,453,White,Tammy,2587,462602,NOT BANNED
476,742,744,218,Norman,David,9646,442232,BANNED
976,98,664,418,Mosley,Tina,9877,767846,NOT BANNED
372,97,626,107,Hall,Michele,8603,210452,BANNED
211,623,536,503,Harrell,Jimmy,4423,264093,BANNED
589,353,577,568,Jacobs,Denise,7098,480852,NOT BANNED
705,191,924,922,Matthews,Herbert,7417,402536,NOT BANNED
321,898,984,243,Jackson,Kimberly,9422,640320,BANNED
446,966,468,668,Torres,Raymond,6230,549403,BANNED
117,322,712,449,Johnson,Johnny,8560,108872,BANNED
36,745,157,447,Hall,Kelsey,4078,880997,NOT BANNED
789,647,160,738,Atkinson,Ronald,3135,500017,NOT BANNED
792,361,912,935,Smith,Teresa,6777,755646,BANNED
105,253,562,512,Warren,Curtis,1854,788645,BANNED
616,294,768,966,Wilkinson,Thomas,8875,480250,BANNED
302,153,614,320,Murphy,Reginald,1804,888141,BANNED
921,333,136,194,Smith,Shawn,8944,258161,BANNED
946,192,956,464,Jimenez,Michael,9969,307656,BANNED
278,231,139,127,Waters,Brandon,7462,619371,BANNED
275,759,13,888,Curtis,Sandra,6924,930498,NOT BANNED
239,586,305,507,Williams,Christopher,1182,690415,NOT BANNED
782,374,779,291,Simon,Gordon,7549,465291,NOT BANNED
888,816,5,225,Robinson,Lisa,2394,508676,BANNED
534,968,860,365,Cummings,Mary,8808,725817,NOT BANNED
323,149,946,457,Williams,Gina,3572,198705,NOT BANNED
612,717,909,169,Cole,Dennis,8142,772813,BANNED
334,108,967,558,Richardson,Holly,1003,550752,NOT BANNED
945,32,208,335,Wilson,Heather,8168,324230,NOT BANNED
17,812,739,988,Richardson,Teresa,7140,481582,NOT BANNED
235,751,539,913,Marks,Paula,7296,445672,BANNED
626,543,293,156,Davis,Sharon,5784,264389,BANNED
466,492,887,999,Williams,Danny,9404,269991,BANNED
60,860,809,799,Johnson,Christopher,7421,474350,BANNED
353,74,505,316,Lopez,Christopher,8985,861673,NOT BANNED
330,323,567,850,Taylor,Ryan,6469,839324,BANNED
236,664,858,768,Hunter,Andrea,9068,763293,BANNED
477,443,74,856,Santos,Gabriela,8746,269600,BANNED
21,743,263,616,Erickson,Katelyn,8859,571345,BANNED
531,719,654,177,Gonzales,Dana,4672,337340,NOT BANNED
101,209,651,948,Allen,Christopher,6929,234298,BANNED
977,363,339,954,Martinez,Rita,4071,837162,NOT BANNED
820,265,340,721,Gonzalez,Billy,5274,286574,BANNED
689,162,288,90,Brennan,Donald,9651,696005,BANNED
922,78,659,706,Wyatt,Yvette,7906,155344,NOT BANNED
69,964,466,817,Keller,Rodney,2877,967872,BANNED
2,851,192,861,Nichols,Jack,1168,442663,NOT BANNED
688,40,616,626,Smith,Courtney,8847,445581,NOT BANNED
431,413,575,662,Sullivan,Erica,3041,330854,BANNED
317,445,749,638,Scott,William,2573,423231,BANNED
3,356,655,398,Golden,Christina,4943,457312,NOT BANNED
34,134,382,914,Mullins,David,1052,890921,BANNED
704,902,938,800,Delacruz,Robert,6792,471014,BANNED
716,567,827,489,Cobb,David,1772,984470,NOT BANNED
956,890,179,551,Turner,Leslie,6559,233140,NOT BANNED
869,170,903,847,Wagner,William,3704,318014,NOT BANNED
280,713,354,976,Rodriguez,Ruth,7300,895009,NOT BANNED
311,988,824,299,Harvey,John,1317,793126,NOT BANNED
430,650,789,303,Gonzalez,Dave,2216,821105,NOT BANNED
896,444,4,402,Vargas,Kenneth,3906,161765,BANNED
267,475,868,665,Mccullough,Corey,4609,804066,BANNED
968,845,127,120,Romero,Ashley,6079,498509,BANNED
970,334,530,460,Alvarez,Curtis,9977,920575,NOT BANNED
93,831,300,62,Parker,Christopher,4853,574270,NOT BANNED
541,295,430,596,Nguyen,Nicole,1037,231328,BANNED
109,601,876,133,Williams,Glenn,3193,481009,NOT BANNED
510,99,631,691,Peterson,Taylor,6977,633655,NOT BANNED
938,991,19,3,Lewis,Mary,1945,349400,BANNED
702,625,109,555,Simmons,James,4654,856202,NOT BANNED
566,676,977,660,Lewis,Tommy,9346,707963,NOT BANNED
760,414,219,301,Wilkins,Gerald,8636,652643,NOT BANNED
405,956,410,785,Rush,Kevin,3207,163903,NOT BANNED
127,546,526,621,Cohen,Haley,2457,966072,NOT BANNED
285,67,537,179,Craig,Michael,1944,261363,NOT BANNED
583,200,925,713,Escobar,Michael,9523,424068,BANNED
715,341,698,620,Manning,Lonnie,8576,949540,BANNED
529,512,673,828,Madden,Christopher,9866,136392,BANNED
965,155,969,752,Baker,Monica,4232,281440,NOT BANNED
19,871,525,880,Collins,Steven,7806,262804,BANNED
926,193,38,46,Hayes,Christopher,6479,154426,NOT BANNED
261,926,953,622,Miller,Jennifer,8366,892885,NOT BANNED
821,325,597,385,King,Jacqueline,7133,515785,BANNED
906,975,892,196,Henson,Adam,9279,961251,BANNED
501,917,163,518,Myers,Kevin,2742,834910,BANNED
828,599,22,168,Burke,Max,4622,304644,NOT BANNED
959,138,985,549,Williams,Scott,9215,199518,NOT BANNED
920,268,602,814,Martin,Ryan,3814,208117,NOT BANNED
217,359,713,182,Duncan,Travis,2909,930252,BANNED
853,128,395,899,Russo,Rebecca,1267,376076,BANNED
943,152,534,317,Tran,James,9405,869040,BANNED
810,593,484,666,Anderson,Ryan,3897,469409,BANNED
293,788,134,328,Perkins,Danielle,4642,562197,BANNED
370,283,897,587,English,Erica,7566,728915,NOT BANNED
847,613,108,237,Burke,Kristen,5949,792556,NOT BANNED
360,447,915,592,Willis,Travis,1388,711598,NOT BANNED
108,752,783,561,Garcia,Courtney,7646,307035,NOT BANNED
954,496,461,566,Wilkinson,David,2449,587008,NOT BANNED
419,802,991,957,Jones,Cynthia,9634,560691,NOT BANNED
520,238,270,140,Weaver,Brandon,2752,572567,BANNED
496,937,440,22,Bullock,Deborah,6172,161412,BANNED
113,69,679,896,Bishop,Daniel,1559,625492,NOT BANNED
683,772,913,30,Wagner,Jason,3495,151378,BANNED
685,681,67,341,Taylor,Patricia,2339,755104,BANNED
367,760,529,483,Mccoy,Cheryl,7737,968531,NOT BANNED
771,123,963,451,Lewis,Debra,3900,361323,BANNED
940,795,23,373,Ruiz,Regina,7507,132360,NOT BANNED
630,539,60,547,Hayes,Amber,7554,237703,NOT BANNED
459,204,731,288,Webb,Leah,4447,244567,NOT BANNED
228,42,588,54,Dominguez,Mary,5737,195999,NOT BANNED
781,645,100,304,Mckee,Jaime,1578,810822,NOT BANNED
662,758,728,252,Martinez,James,9985,348923,NOT BANNED
1000,427,978,877,Blanchard,Christopher,8937,159194,NOT BANNED
551,854,483,234,Ramirez,Susan,8824,584305,NOT BANNED
116,106,313,192,Byrd,Amanda,4264,351897,BANNED
871,800,281,517,Cooper,Daniel,6096,386480,NOT BANNED
576,872,968,795,Myers,Zachary,2106,748463,NOT BANNED
221,351,508,123,Bautista,Mary,7055,516428,NOT BANNED
276,145,448,227,Green,Amber,4410,689113,NOT BANNED
78,525,360,395,Hayes,Rachel,7698,561264,NOT BANNED
907,252,155,924,Smith,Eric,3800,339859,NOT BANNED
264,984,662,52,Gibson,Jason,4244,574330,BANNED
974,822,601,99,Hall,Daniel,2494,343754,NOT BANNED
331,391,871,274,Gross,Sarah,4910,679680,NOT BANNED
451,470,571,673,Lloyd,Bailey,7658,633069,BANNED
604,671,2,407,Stanley,Lindsay,3601,743885,BANNED
414,509,190,678,Freeman,Christina,3036,518848,NOT BANNED
41,336,207,497,Castaneda,Regina,5950,614765,NOT BANNED
340,54,362,577,Smith,Patricia,2703,543222,BANNED
499,662,238,590,Cabrera,Melissa,3989,537258,NOT BANNED
38,943,30,788,Summers,Nancy,7282,369608,NOT BANNED
717,142,635,522,Harris,Christina,8686,248113,NOT BANNED
893,995,680,806,Robinson,James,6350,810006,BANNED
408,144,316,543,Mills,Melissa,7512,399993,BANNED
100,370,267,117,Jones,Felicia,5903,622960,NOT BANNED
18,103,672,867,Moran,Crystal,7894,582036,NOT BANNED
400,700,64,331,Rivers,Aaron,8176,130802,NOT BANNED
146,672,342,564,Horn,Kimberly,7460,686127,BANNED
933,701,931,2,Cordova,Carla,1112,252328,BANNED
94,773,820,305,Thompson,Tyler,4634,141679,NOT BANNED
543,259,234,697,Gutierrez,Ricky,3178,986620,BANNED
481,837,696,839,Johnson,Candice,5523,636917,NOT BANNED
997,955,787,784,Reynolds,Meghan,6428,486122,BANNED
369,504,947,37,Maynard,Jenna,2930,115091,BANNED
363,461,954,796,Mclaughlin,Dawn,1388,703046,BANNED
448,235,379,355,Johnson,Aaron,5652,226584,BANNED
724,581,102,528,Anderson,Austin,7612,955543,BANNED
242,340,791,200,Adams,Kathy,2125,434790,BANNED
355,430,595,822,Weaver,Justin,6765,465798,BANNED
539,41,957,268,Anderson,Evan,6635,548841,NOT BANNED
756,130,303,160,Bennett,Brianna,5403,185668,NOT BANNED
617,986,210,872,Strickland,Curtis,4975,638060,NOT BANNED
569,987,465,473,Graham,Mark,5346,762001,BANNED
581,432,429,510,Rodriguez,Michael,1600,559780,NOT BANNED
791,607,297,909,Mason,Virginia,5785,797072,NOT BANNED
270,914,552,570,Perez,Jason,2942,978038,NOT BANNED
609,125,446,51,Wilson,Carolyn,2945,652078,BANNED
177,698,232,382,Gardner,David,5271,799764,BANNED
488,997,372,66,Bush,Daniel,8693,916700,BANNED
218,458,328,781,Jones,Renee,3676,434573,NOT BANNED
646,502,936,513,Shepherd,Amanda,7666,123682,NOT BANNED
80,452,452,338,Buchanan,Terri,2698,373271,NOT BANNED
783,849,652,977,Olsen,Lauren,4028,152625,NOT BANNED
125,440,971,825,Anderson,Tammy,7916,137955,NOT BANNED
932,486,413,434,Snyder,Sarah,4623,867818,BANNED
788,266,714,969,Harris,Cameron,8067,242060,BANNED
579,312,125,283,Miles,Sarah,3988,235221,BANNED
994,729,177,450,Pham,Alexandra,6146,638831,NOT BANNED
846,736,140,146,Fletcher,Joshua,8654,440849,BANNED
967,781,29,515,Roberts,Joann,7972,483008,BANNED
258,480,336,10,Vasquez,Tonya,8529,516349,BANNED
518,173,115,125,Davis,Gregory,9964,318133,NOT BANNED
693,999,960,498,Benson,Steven,7618,147580,BANNED
310,400,942,36,Haley,Andrew,6080,688509,NOT BANNED
188,240,766,671,Edwards,Anthony,3705,124401,NOT BANNED
577,226,594,20,Morris,Kimberly,4223,228935,BANNED
573,934,113,277,Mendoza,Joseph,2952,803190,BANNED
379,944,911,862,Bautista,Christopher,7641,840271,NOT BANNED
766,506,640,61,Martinez,Drew,7266,708156,NOT BANNED
684,560,471,852,Miller,Glenn,7632,609450,BANNED
772,640,692,925,Wilson,Veronica,2484,192984,BANNED
747,697,797,210,Carroll,Nathaniel,8710,934519,BANNED
12,328,589,97,Edwards,Amy,2901,740403,NOT BANNED
884,68,720,484,Mullins,Harry,8828,625097,NOT BANNED
807,994,202,630,Hicks,Cassidy,8084,853587,NOT BANNED
23,169,55,970,Fischer,Peter,7435,674397,NOT BANNED
999,387,670,88,Weaver,Luke,4560,406028,NOT BANNED
600,731,347,116,Castillo,Patricia,4393,358276,NOT BANNED
371,37,646,129,Ramirez,Rebecca,3019,386139,NOT BANNED
345,469,411,688,Cook,Zachary,6677,569567,NOT BANNED
246,974,302,293,Rodriguez,Luis,4772,334407,BANNED
722,565,376,314,Dudley,Christopher,5652,871034,NOT BANNED
909,519,200,575,Gardner,Tanya,5934,859252,BANNED
457,483,75,34,Velasquez,Richard,1036,662118,NOT BANNED
43,573,255,80,Barrera,Angela,9136,929780,BANNED
316,630,185,281,Vance,Mariah,4974,864090,NOT BANNED
289,115,519,674,Gibson,Justin,8681,891066,BANNED
804,727,91,358,Edwards,Anna,8744,978662,BANNED
325,202,371,356,Sawyer,James,8640,320782,BANNED
437,907,15,890,Preston,Virginia,3745,211059,NOT BANNED
336,537,543,188,Brandt,Kenneth,3813,248902,BANNED
915,929,44,794,Stewart,Sharon,5241,899792,BANNED
426,48,135,663,Jones,Madison,1556,286069,BANNED
64,297,322,411,Huynh,Barbara,7266,653927,BANNED
161,302,97,428,Rojas,Michael,5027,849071,BANNED
158,389,474,900,Griffin,Xavier,8978,384873,NOT BANNED
240,448,803,113,Burton,Matthew,2664,548551,NOT BANNED
365,220,69,938,Crosby,Anna,5409,761709,BANNED
986,832,235,911,Hernandez,Katrina,8069,304637,BANNED
374,157,250,732,Hudson,Mary,8579,383879,BANNED
989,699,217,742,Johnson,Charles,4569,947331,NOT BANNED
643,131,280,609,Wright,Susan,5306,589596,NOT BANNED
610,65,618,700,Thomas,Kelly,9135,249622,NOT BANNED
50,965,889,531,Griffin,Marvin,9877,915615,NOT BANNED
327,14,743,529,Jones,James,7591,275741,NOT BANNED
734,19,99,308,Thompson,Kathryn,8933,706685,BANNED
411,270,224,240,Jones,Brian,9146,398033,NOT BANNED
802,166,24,287,Owens,Robert,6424,597345,BANNED
51,293,486,150,Marshall,Kurt,2784,194299,NOT BANNED
502,338,948,627,Gonzales,Patricia,8715,800878,NOT BANNED
14,710,742,254,Chen,Christopher,1591,696475,NOT BANNED
376,201,156,571,Hawkins,Melissa,9064,397140,NOT BANNED
491,287,357,987,Newman,Stephanie,8546,565803,BANNED
565,485,349,176,Webster,Anthony,9132,537469,NOT BANNED
407,393,142,310,Carlson,Scott,6853,224008,NOT BANNED
525,782,138,56,Navarro,Anita,9082,266860,NOT BANNED
111,498,705,50,Roberts,Scott,5245,305548,NOT BANNED
958,670,32,815,Schwartz,Mark,6139,888749,NOT BANNED
224,951,844,147,Howard,Kathryn,4732,970240,BANNED
548,873,201,664,Hill,Ann,5938,251179,BANNED
472,378,41,495,Wolf,Andrew,6773,821564,NOT BANNED
753,945,622,851,Contreras,Darlene,4345,586005,BANNED
586,277,326,43,Jackson,Thomas,9295,171145,NOT BANNED
247,561,175,139,Richard,Hannah,7925,958299,BANNED
588,515,364,57,Braun,Thomas,2307,372463,NOT BANNED
607,364,43,548,Hill,Gerald,7059,508635,NOT BANNED
11,319,325,490,Jackson,Laurie,6366,786633,NOT BANNED
368,693,753,195,Cain,Christian,7065,881737,BANNED
1,643,289,247,Kim,Patricia,4576,993305,BANNED
244,627,338,681,Clay,Matthew,4750,905672,BANNED
413,148,377,926,Knight,Elizabeth,5654,579742,BANNED
357,514,688,876,Campbell,Samuel,5462,651748,BANNED
168,499,754,525,Williamson,Nichole,4039,438126,BANNED
362,210,812,653,Robinson,Megan,4592,559924,NOT BANNED
682,830,34,643,Barajas,Ashley,1606,725323,BANNED
418,626,907,130,Villarreal,Michael,4479,291430,BANNED
25,203,170,526,Dean,Kimberly,7818,201522,NOT BANNED
425,22,509,487,Hill,Dana,4078,306426,BANNED
561,70,412,144,Rodriguez,Elizabeth,7025,879082,NOT BANNED
7,298,748,294,Brown,Hannah,3752,597424,NOT BANNED
178,147,264,257,Clarke,Anthony,8708,635695,NOT BANNED
432,610,295,126,Barton,Brittney,8538,662447,BANNED
767,276,456,903,Jordan,Angie,7634,257426,NOT BANNED
627,712,666,767,Winters,Maria,5586,801408,BANNED
344,709,702,166,Nelson,Bonnie,5490,266347,NOT BANNED
544,646,404,85,Taylor,James,9601,796193,NOT BANNED
361,273,717,282,Mills,Collin,9606,424835,BANNED
746,520,46,92,Fleming,Kenneth,8032,219461,NOT BANNED
364,107,240,496,Day,Bradley,8566,357938,NOT BANNED
862,704,369,769,Soto,Shelly,2977,323604,BANNED
449,251,396,143,Wilson,Kendra,6600,931248,NOT BANNED
37,395,132,904,Perez,Megan,2862,371977,BANNED
749,815,162,374,Miller,Thomas,9314,645009,BANNED
155,737,172,834,Miller,Michelle,6341,806924,NOT BANNED
298,459,580,791,Johnson,Elizabeth,5191,555872,NOT BANNED
438,711,842,174,Walsh,Brandon,6452,758813,NOT BANNED
73,804,895,60,Reyes,Kenneth,6384,540102,BANNED
996,405,80,103,Anderson,James,6718,877358,NOT BANNED
205,562,218,241,Cox,Susan,2539,601041,NOT BANNED
248,284,400,388,Sherman,Janet,4050,426158,BANNED
182,724,900,410,Mitchell,Jennifer,4121,964733,BANNED
186,703,738,261,Powers,Jason,9204,751872,BANNED
26,185,169,594,Shea,Kimberly,1962,220774,BANNED
381,110,191,389,Abbott,Emma,9730,355264,NOT BANNED
605,83,516,572,Bruce,Christine,1211,628515,NOT BANNED
568,960,711,322,Robbins,Sandra,2906,557823,NOT BANNED
598,780,222,735,Zavala,Donald,4417,653880,BANNED
925,692,438,302,Irwin,Ronald,4381,645751,BANNED
513,844,599,260,Robinson,Elizabeth,7443,860232,BANNED
937,884,133,175,Ryan,Joseph,4309,925928,NOT BANNED
299,187,334,187,Harrison,Wendy,8821,448555,BANNED
559,320,885,601,Brown,Carolyn,1908,216503,NOT BANNED
910,91,788,65,Henry,Natasha,8810,906778,NOT BANNED
114,122,867,832,Keith,Jennifer,2594,302584,NOT BANNED
15,141,72,253,Wallace,Michael,4329,427102,NOT BANNED
397,188,28,524,Fuentes,Kevin,9298,818495,NOT BANNED
941,132,746,501,Gutierrez,Jesse,6049,348593,NOT BANNED
515,219,283,44,Hansen,Steven,8507,341575,BANNED
761,139,104,191,Freeman,Robert,3759,403829,NOT BANNED
234,931,920,919,Wilson,Jade,7682,899729,NOT BANNED
187,179,598,562,Kemp,Alicia,6499,386497,NOT BANNED
333,455,668,343,Mcclain,Melanie,5995,315685,NOT BANNED
951,908,833,972,Moore,Nicole,6826,234198,NOT BANNED
341,375,587,505,Pollard,Victoria,9191,888407,NOT BANNED
832,566,310,438,White,Elizabeth,3352,682733,NOT BANNED
645,668,504,980,Rios,Jared,5851,536534,BANNED
468,59,776,131,Brandt,Zachary,9453,793471,NOT BANNED
742,296,40,463,Diaz,Stacey,7643,890354,NOT BANNED
861,557,223,689,Larsen,Elizabeth,2361,670955,NOT BANNED
512,876,784,783,Hayden,Ann,2037,828907,BANNED
4,57,389,717,Jones,Andrew,3609,325585,NOT BANNED
872,46,262,898,Jones,Alexandra,2332,212863,BANNED
713,291,756,892,Johnson,Jonathan,3580,116536,BANNED
797,12,840,67,Decker,Jesse,3346,195706,NOT BANNED
352,163,59,477,Rodriguez,Julie,3231,143408,NOT BANNED
102,182,975,589,Rogers,Heather,2329,746895,BANNED
546,190,637,920,Hampton,Tyler,9818,557757,BANNED
864,810,674,491,Cole,Brett,3492,152305,NOT BANNED
889,938,914,229,Hogan,Caleb,1653,403124,BANNED
232,373,368,763,Crawford,Kelsey,9089,694539,BANNED
631,583,418,346,Gregory,Evelyn,2410,880652,BANNED
673,792,609,95,Duarte,Brooke,8745,777925,BANNED
283,777,799,422,Ross,Terri,4286,448743,NOT BANNED
611,175,657,761,Martin,Kimberly,3397,904073,NOT BANNED
830,635,126,110,Berry,Vanessa,3968,863146,NOT BANNED
213,60,112,387,Colon,Jennifer,7472,222250,BANNED
463,45,216,448,Banks,Victoria,5419,918427,NOT BANNED
582,33,467,29,Beck,Seth,4488,362172,BANNED
859,62,470,386,Matthews,Carla,2609,816691,BANNED
963,880,284,787,Lawrence,Samuel,4475,599420,BANNED
150,310,324,163,Williamson,Maria,2021,989783,NOT BANNED
254,136,174,908,Holt,Samuel,9734,825019,BANNED
87,659,194,661,Allen,Kimberly,8517,215312,NOT BANNED
484,357,964,871,Williams,Brian,8831,608053,NOT BANNED
935,590,550,813,Smith,Terri,8554,291506,BANNED
887,101,596,205,Davis,Larry,1500,491159,NOT BANNED
284,25,363,943,Erickson,Jacob,6896,693938,BANNED
679,118,648,357,Brown,Michael,5772,609568,BANNED
13,686,884,271,Olson,David,2348,404410,BANNED
170,666,129,711,Walls,Norman,4380,160822,BANNED
596,27,308,676,Reynolds,Tara,9117,243975,BANNED
135,434,350,939,Prince,Brandon,3886,139112,NOT BANNED
326,577,392,479,Williams,Christopher,2712,390953,NOT BANNED
67,838,810,462,Dennis,Laura,5089,224290,NOT BANNED
532,172,473,33,Smith,Teresa,4747,148656,BANNED
77,8,292,628,Weber,Miguel,7078,407569,BANNED
593,899,388,35,Martin,Lisa,5212,727336,BANNED
200,545,839,189,Paul,Sandra,4412,831475,NOT BANNED
619,879,835,790,Perez,Howard,7814,460272,NOT BANNED
913,47,427,771,Boone,William,4990,506562,BANNED
885,892,496,958,Odom,Jasmine,7486,332234,BANNED
575,858,821,576,Gill,Edward,6274,324565,BANNED
366,862,561,266,Scott,Julia,3795,561013,NOT BANNED
834,826,643,461,Mills,Alyssa,6645,875486,BANNED
288,404,146,445,Mullins,Robert,6670,832188,NOT BANNED
402,402,653,471,Taylor,Jennifer,1904,183525,BANNED
878,491,851,485,Burnett,Stephanie,3605,936648,NOT BANNED
841,105,518,608,Cabrera,Christopher,2880,101882,BANNED
572,28,841,743,Garza,Elizabeth,1271,687358,NOT BANNED
119,768,425,520,Chen,Hunter,2049,166086,NOT BANNED
138,896,441,399,Gomez,Richard,6843,633684,BANNED
49,1000,309,778,Snyder,Robert,9439,731747,BANNED
658,639,70,344,Woods,Sean,1215,354558,BANNED
537,119,514,835,Mcmillan,Justin,3839,938010,NOT BANNED
719,84,877,604,Fernandez,Rhonda,7454,753029,BANNED
852,910,89,831,Allen,Wendy,2643,305613,BANNED
85,874,678,780,Wiley,Megan,4284,606420,NOT BANNED
809,195,277,567,Harris,Tammy,7648,877149,BANNED
927,88,663,26,Smith,Carlos,7759,155273,BANNED
458,982,243,866,Ellis,David,3687,309057,NOT BANNED
62,345,838,264,Bryant,Bradley,8779,699610,BANNED
495,117,268,715,Sexton,Marissa,5571,949943,BANNED
390,612,551,942,Anderson,Michelle,9461,857926,BANNED
939,530,428,78,Stafford,Steven,8750,433280,BANNED
35,524,980,882,Perez,Christopher,1521,933507,NOT BANNED
328,423,773,466,Rogers,Danny,3425,522252,NOT BANNED
79,436,697,297,Mendez,Katelyn,9826,930310,BANNED
800,246,741,941,Smith,Nicholas,2489,501884,NOT BANNED
133,587,130,625,Davis,Michael,8799,800467,NOT BANNED
850,970,636,307,Lewis,Edward,4085,752043,BANNED
10,396,521,633,Rogers,Bradley,4671,926319,NOT BANNED
31,789,952,309,Mills,Alexandra,8706,948890,BANNED
388,901,723,845,Campbell,Martha,6895,398670,BANNED
132,229,888,326,Wright,Michael,8492,908428,BANNED
296,300,880,162,Brady,Andrew,1966,363745,NOT BANNED
322,889,416,38,Sandoval,Susan,4496,330148,NOT BANNED
979,538,863,838,Hogan,Christopher,9899,540180,BANNED
535,688,58,612,York,Francis,1760,730420,BANNED
721,93,916,492,Fritz,Steven,4567,567852,BANNED
639,716,767,846,Keller,Melissa,6141,477781,BANNED
273,466,315,624,Sharp,Steven,1838,637859,NOT BANNED
475,542,306,694,Wright,Isaac,6736,121740,NOT BANNED
222,274,661,285,Hernandez,Christopher,4866,257703,BANNED
423,495,290,692,Rodriguez,Natalie,3662,610265,BANNED
786,197,846,405,Morgan,Tara,1315,599859,BANNED
163,549,68,617,Castro,Jessica,3983,287540,NOT BANNED
644,972,682,680,Wise,Christina,2019,669843,BANNED
720,687,937,648,Gonzales,William,6896,201299,BANNED
300,702,750,114,Hull,Tammy,8813,357477,BANNED
642,887,883,319,Parsons,Gabriel,9268,541390,NOT BANNED
156,244,517,789,Mcmillan,Kathryn,7334,500243,NOT BANNED
894,460,462,353,Hall,Robert,1091,461194,BANNED
30,377,278,458,Ballard,Melissa,8923,712390,BANNED
294,846,874,642,Ferguson,Jennifer,5120,342090,BANNED
149,882,910,311,Silva,John,2042,996801,NOT BANNED
483,575,341,687,Gomez,Melissa,6423,395795,NOT BANNED
306,5,716,655,Jones,Patricia,4637,451550,NOT BANNED
208,563,445,48,Gonzalez,Brenda,4338,758588,BANNED
564,757,151,746,Kennedy,Chad,8455,915543,BANNED
865,980,33,686,Brown,Kelsey,9440,892098,NOT BANNED
140,948,686,219,Parrish,Thomas,5479,170428,BANNED
295,932,790,478,Castaneda,Amanda,6225,432342,BANNED
725,732,822,591,Leon,Cody,7490,171295,NOT BANNED
262,638,65,506,Diaz,Suzanne,9517,504659,NOT BANNED
695,258,660,469,Dixon,Alexander,2420,114702,BANNED
900,904,857,654,Bush,Adam,6587,838313,NOT BANNED
104,269,367,370,Stark,Joshua,2090,710900,BANNED
467,578,248,58,Torres,Austin,6745,766158,NOT BANNED
349,215,282,306,Wade,Sandra,2136,240737,NOT BANNED
203,708,422,443,Bowman,Lisa,8392,273590,NOT BANNED
27,407,800,917,Parker,Vickie,5003,876675,BANNED
732,820,965,595,Williams,Catherine,3963,402216,NOT BANNED
59,886,10,956,Roberts,Michelle,6342,390137,BANNED
29,725,578,807,Johnson,Patrick,1421,362344,NOT BANNED
406,564,254,704,Ramos,Hayley,5258,331591,BANNED
901,223,259,682,Mills,Christine,9278,204719,NOT BANNED
99,15,95,930,Cannon,Carol,6617,801959,NOT BANNED
654,348,955,991,Black,Monique,3948,478538,NOT BANNED
741,983,52,533,Walters,Wendy,4478,363794,NOT BANNED
399,429,154,741,Hill,Ashley,5386,311555,NOT BANNED
798,446,62,597,Cunningham,Jason,9388,342381,NOT BANNED
436,653,917,870,Williams,Robert,1886,739145,BANNED
708,113,251,932,Duncan,Sergio,7692,184339,BANNED
990,63,233,632,Brooks,Tiffany,7654,707073,BANNED
770,750,381,421,Hubbard,Nathan,2495,693609,BANNED
751,207,76,893,Smith,Benjamin,3564,593977,NOT BANNED
28,6,180,340,Clark,Matthew,6004,123097,BANNED
286,998,645,161,Solis,Alan,9622,879755,BANNED
594,658,317,423,Villarreal,Vanessa,6889,979097,NOT BANNED
694,500,570,985,Franklin,Regina,1928,514441,BANNED
130,936,834,729,Davis,Jose,7384,529912,BANNED
931,23,757,417,Singh,Ronnie,9570,565566,BANNED
524,76,121,17,Wagner,Mary,9253,750153,NOT BANNED
790,140,774,731,Stout,Michelle,5801,452599,NOT BANNED
833,86,387,598,Cherry,Katherine,6663,158899,NOT BANNED
147,683,830,4,Wyatt,Daniel,1226,369959,NOT BANNED
827,249,20,499,Hardy,Michael,6949,128915,NOT BANNED
580,367,676,747,Banks,Gregg,4280,949825,NOT BANNED
420,129,591,573,White,Shane,4503,975519,BANNED
447,419,220,724,Valentine,Nathaniel,2331,114761,NOT BANNED
764,915,700,971,Butler,Susan,7489,905402,BANNED
160,38,209,996,Cook,Joseph,5198,947635,NOT BANNED
487,56,78,998,Rivera,Erika,2782,502775,BANNED
633,551,805,823,Mcguire,Ashley,4763,724306,BANNED
656,885,926,426,Rodriguez,Daniel,6215,504475,NOT BANNED
916,679,304,481,Wilson,Kimberly,1728,755318,BANNED
237,592,710,366,Weber,John,5353,272243,BANNED
998,779,265,810,Ramirez,April,9464,902087,NOT BANNED
219,682,203,488,Kennedy,Timothy,5776,252996,NOT BANNED
848,111,437,313,Fields,Robert,3687,707179,BANNED
